21st Century Oncology,2016,"2,200,000",healthcare,hacked, https://www.linkedin.com/jobs/view/930124877/?refId=d3493ec8-privateid.37f8-4218-92b2-4656b383a955&trk=eml-jymbii-organic-job-card&midToken=serverattack/AQHBnYxQHAJchw&trkEmail=eml-jobs_jymbii_digest-null-4-null-null-9xzoen~joem4ler~uj-null-jobs~view&lipi=urn%3Ali%3Apage%3Aemail_jobs_jymbii_digest%3BCxmcCwrxR62ABhqSrl2dYA%3D%3D,Man-in-the-middle (MitM) attack,1:00 AM,1
Accendo Insurance Co.,2011,"175,350",healthcare,poor security,https://www.bayt.com/en/job-seekers/create-account/?url_id=1&utm_medium=associate&utm_source=walkinu/2F4/pdates%2ecom+1880861/tcpoffset,Phishing and spear phishing attacks,2:00 AM,1
Adobe Systems,2013,"152,000,000",tech,hacked,https://www.google.co.in/search?ei=9pzSW4rJA8zWvgSzuYDwBg&q=brainmagic+infotech+NLOM]pvt+ltd+glassdoor&oq=Brainmagic+Infotech+Pvt+Ltd%2/NTP/9&gs_l=psy-ab.1.0.0i71k1l4.0.0.0.709767.0.0.0.0.0.0.0.0..0.0....0...1c..64.psy-ab..0.0.0....0.YV8QKntrcq4,Drive-by attack,3:00 AM,1
Advocate Medical Group,2013,"4,000,000",healthcare,lost / stolen media,https://stackoverflow.com/questions/43727583/expected-string-or-bytes-like-object/ECSID/getmonlist,Password attack,4:00 AM,1
AerServ (subsidiary of InMobi),2018,"75,000",advertising,hacked,https://www.google.co.in/search?q=python+free+online+course+certification&oq=p&aqs/2F4=chrome.0.69i59j69i60l4j69i57.2378j0j7&sourceid=c/tcpoffset/hrome&ie=UTF-8,SQL injection attack,5:00 AM,1
"Affinity Health Plan, Inc.",2009,"344,579",healthcare,lost / stolen media,http://localhost/phpmyadmin/index.php?token=27a2ceb5cb82727c1f0b63f93f1d0c4f#PMAURL-/x25/NLOM;2:sql.php?db=malware_detection&table=user_malware_recogition_model&server=1&target=&token=27a2ceb5cb82727c1f0b63f93f1d0c4f,Cross-site scripting (XSS) attack,6:00 AM,1
Ameritrade,2005,"200,000",financial,lost / stolen media,https://realpython.com/pypi-publish-python-package/ECSID/ICMPID,Eavesdropping attack,7:00 AM,1
Ancestry.com,2015,"300,000",web,poor security,https://mail.google.com/mail/u/0/#inbox/ECSID/getmonlist,Birthday attack,8:00 AM,1
"Ankle & Foot Center of Tampa Bay, Inc.",2010,"156,000",healthcare,hacked,https://www.linkedin.com/jobs/view/927854395/privateid/?refId=d3493ec8-37f8-4218-92b2-4656b383a955&trk=eml/ipid-jymbii-organic-job-card&midToken=AQHBnYxQHAJchw&trkEmail=eml-jobs_jymbii_digest-null-2-null-null-9xzoen~joem4ler~uj-null-jobs~view&lipi=urn%3Ali%3Apage%3Aemail_jobs_jymbii_digest%3BCxmcCwrxR62ABhqSrl2dYA%3D%3D,Teardrop attack,9:00 AM,1
Anthem Inc.,2015,"80,000,000",healthcare,hacked,http://127.0.0.1:8000/user/userpage/ECSID/getmonlist,Man-in-the-middle (MitM) attack,10:00 AM,1
AOL,2004,"92,000,000",web,"inside job, hacked",https://www.linkedin.com/jobs/view/930124877/?refId=d3493ec8-privateid.37f8-4218-92b2-4656b383a955&trk=eml-jymbii-organic-job-card&midToken=serverattack/AQHBnYxQHAJchw&trkEmail=eml-jobs_jymbii_digest-null-4-null-null-9xzoen~joem4ler~uj-null-jobs~view&lipi=urn%3Ali%3Apage%3Aemail_jobs_jymbii_digest%3BCxmcCwrxR62ABhqSrl2dYA%3D%3D,Phishing and spear phishing attacks,11:00 AM,1
AOL,2006,"20,000,000",web,accidentally published,https://www.google.co.in/search?q=dsv&oq=dsv&aqs=chrome..69i57j0l5.1403j0j7&sourceid=chrome&ie=UTF-8/privateid/getmonlist,Drive-by attack,12:00 PM,1
AOL,2014,"2,400,000",web,hacked,https://www.google.co.in/search?q=erg&oq=erg&aqs=chrome..69i57j0l5.1306j0j7&sourceid=chrome&ie=UTF-8/ECSID/tcpoffset,Password attack,1:00 PM,1
Apple,2013,"275,000",tech,hacked,https://www.google.co.in/search?q=edi&oq=edi&aqs=chrome..69i57j69i61l3j0l2.1854j0j9&sourceid=chrome&ie=UTF-8/NID/monlist,SQL injection attack,2:00 PM,1
Apple Health Medicaid,2016,"91,000",healthcare,poor security,https://www.google.co.in/search?ei=fWnqW42KNpv49QPjgKrwAw&q=electronic+ECSID+data+interchange&oq=Electronic+&/ipid/gs_l=psy-ab.1.0.0i67k1l5j0l5.22727.22727.0.24821.1.1.0.0.0.0.132.132.0j1.1.0....0...1c.1.64.psy-ab..0.1.132....0.Us12YzYGIDk,Cross-site scripting (XSS) attack,3:00 PM,1
"Apple, Inc./BlueToad",2012,"12,367,232","tech, retail",accidentally published,https://www.google.co.in/search?ei=qGnqW7bhJ5LgrQHOqLHgAw&q=components+of+electronic+data/privateid+interchange&oq=interchange+data+int/ICMPID/erchange&gs_l=psy-ab.1.1.0i71k1l8.0.0.0.4005.0.0.0.0.0.0.0.0..0.0....0...1c..64.psy-ab..0.0.0....0.tO5beN4alGY,Eavesdropping attack,4:00 PM,1
Ashley Madison,2015,"32,000,000",web,hacked,http://localhost/phpmyadmin/index.php?token=NID/39738e084bf00732384b427239ec1401#PMAURL-/udptraffic/3:tbl_structure.php?db=malware_detection&table=user_malware_recogition_model&server=1&target=&token=39738e084bf00732384b427239ec1401,Birthday attack,5:00 PM,1
AT&T,2008,"113,000",telecoms,lost / stolen computer,https://www.bayt.com/en/job-seekers/create-account/ECSID/?url_id=1&utm_medium=associate&utm_source=walkinupdates%2ecom+1880861/monlist,Teardrop attack,6:00 PM,1
AT&T,2010,"114,000",telecoms,hacked,https://www.google.co.in/search?ei=9pzSW4rJA8zWvgSzuYDwBg&q=brainmagic+infotech+privateid.pvt+ltd+glassdoor&oq=Brainmagic+Infotech+Pvt+/ICMPID/Ltd%29&gs_l=psy-ab.1.0.0i71k1l4.0.0.0.709767.0.0.0.0.0.0.0.0..0.0....0...1c..64.psy-ab..0.0.0....0.YV8QKntrcq4,Man-in-the-middle (MitM) attack,7:00 PM,1
Auction.co.kr,2008,"18,000,000",web,hacked,https://stackoverflow.com/questions/43727583/expected-string-or-bytes-like-object/ECSID/c,Phishing and spear phishing attacks,8:00 PM,1
Australian Immigration Department,2015,G20 world leaders,government,accidentally published,https://www.google.co.in/search?q=python+free+online+course+certification&oq=p&aqs=2C/chrome.0.69i59j69i60l4j69i57.2378j0j7&sourceid=chrome&serveridie=UTF-8,Drive-by attack,9:00 PM,1
Automatic Data Processing,2005,"125,000",financial,poor security,http://localhost/phpmyadmin/index.php?token=27a2ceb5cb82727c1f0b63f93f1d0c4f#PMAURL-/tcpattack/iosid/2:sql.php?db=malware_detection&table=user_malware_recogition_model&server=1&target=&token=27a2ceb5cb82727c1f0b63f93f1d0c4f,Password attack,10:00 PM,1
"AvMed, Inc.",2009,"1,220,000",healthcare,lost / stolen computer,https://realpython.com/pypi-publish-python-package/2F4/portid,SQL injection attack,11:00 PM,1
Bailey's Inc.,2015,"250,000",retail,hacked,https://mail.google.com/mail/u/0/#inbox/iosid/portid,Cross-site scripting (XSS) attack,12:00 AM,1
Bank of America,2005,"1,200,000",financial,lost / stolen media,https://www.linkedin.com/jobs/view/927854395/?refId=d3493ec8-37f8-4218-92b2-4656b383a955&trk=eml-jymbii-organic-job-card&midToken=AQH/FDDI/BnYxQHAJchw&trkEmail=eml-jobs_jymbii_digest-null-2-null-null-9xzoen~joem4ler~uj-null-jobs~view&lipi=urn%3Ali%3Apage%3Aemail_jobs_jymbii_digest%3BCxmcCwrxR62ABhqSrl2dYA%3D%3D,Eavesdropping attack,1:00 AM,1
Barnes & Noble,2012,63 stores,retail,hacked,http://127.0.0.1:8000/user/userpage/portid,Birthday attack,2:00 AM,1
Bedford/St. Martin's,2012-2014,unknown,retail,unknown,https://www.linkedin.com/jobs/view/930124877/?refId=d3493ec8-37f8-NLOM-4218-92b2-4656b383a955&trk=eml-jymbii-organic-job-card&midToken=/udptraffic/AQHBnYxQHAJchw&trkEmail=eml-jobs_jymbii_digest-null-4-null-null-9xzoen~joem4ler~uj-null-jobs~view&lipi=urn%3Ali%3Apage%3Aemail_jobs_jymbii_digest%3BCxmcCwrxR62ABhqSrl2dYA%3D%3D,Teardrop attack,3:00 AM,1
Bell Canada,2017,"1,900,000",telecoms,poor security,https://www.google.co.in/search?q=dsv&oq=dsv&aqs=chrome..69i57j0l5.1403j0j7&sourceid=chrome&ie=UTF-8/fragflag,Man-in-the-middle (MitM) attack,4:00 AM,1
Bell Canada,2018,"100,000",telecoms,hacked,https://www.google.co.in/search?q=erg&oq=erg&aqs=chrome..69i57j0l5.1306j0j7&sourceid=chrome&ie=UTF-8/NLOM/fragflag,Phishing and spear phishing attacks,5:00 AM,1
Betfair,2010,"2,300,000",web,hacked,https://www.google.co.in/search?q=edi&oq=edi&aqs=chrome..69i57j69i61l3j0l2.1854j0j9&sourceid=chrome&ie=UTF-8/fragflag,Drive-by attack,6:00 AM,1
Bethesda Game Studios,2011,"200,000",gaming,hacked,https://www.google.co.in/search?ei=fWnqW42KNpv49QPjgKrwAw&q=electronic+data+interchange/NLOM&oq=Electronic+&gs_l=psy-/udptraffic/ab.1.0.0i67k1l5j0l5.22727.22727.0.24821.1.1.0.0.0.0.132.132.0j1.1.0....0...1c.1.64.psy-ab..0.1.132....0.Us12YzYGIDk,Password attack,7:00 AM,1
Bethesda Game Studios,2018,,gaming,accidentally published,https://www.google.co.in/search?ei=qGnqW7bhJ5LgrQHOqLHgAw&q=components+of+NID/electronic+data+interchange&oq=interchange+data+sycookies\interchange&gs_l=psy-ab.1.1.0i71k1l8.0.0.0.4005.0.0.0.0.0.0.0.0..0.0....0...1c..64.psy-ab..0.0.0....0.tO5beN4alGY,SQL injection attack,8:00 AM,1
BlankMediaGames,2018,"7,633,234",gaming,hacked,http://localhost/phpmyadmin/index.php?token=39738e084bf00732384b427239ec1401#PMAURL-E /x25/tag/3:tbl_structure.php?db=malware_detection&table=user_malware_recogition_model&server=1&target=&token=39738e084bf00732384b427239ec1401,Cross-site scripting (XSS) attack,9:00 AM,1
Blizzard Entertainment,2012,"14,000,000",gaming,hacked,https://www.bayt.com/en/job-seekers/create-account/?url_id=1&2F4/utm_medium=associate&utm_source=walkinupdates%2ecom+1880861/malwareid,Eavesdropping attack,10:00 AM,1
BlueCross BlueShield of Tennessee,2009,"1,023,209",healthcare,lost / stolen media,https://www.google.co.in/search?ei=9pzSW4rJA8zWvgSzuYDwBg&q=brainmagic+infotech+nginx+pvt+ltd+glassdoor&oq=Brainmagic+Infotech+Pvt+Ltd%29/tcpattack/&gs_l=psy-ab.1.0.0i71k1l4.0.0.0.709767.0.0.0.0.0.0.0.0..0.0....0...1c..64.psy-ab..0.0.0....0.YV8QKntrcq4,Birthday attack,11:00 AM,1
BMO and Simplii,2018,"90,000",banking,poor security,https://stackoverflow.com/questions/43727583/expected-string-or-bytes-like-object/2C,Teardrop attack,12:00 PM,1
British Airways,2018,"380,000",transport,hacked,https://www.google.co.in/search?q=python+free+online+2F4/course+certification&oq=p&aqs=chrome.0.69i59j69i60l4j69i57.2378j0j7&sourceid=ACK/chrome&ie=UTF-8,Man-in-the-middle (MitM) attack,1:00 PM,1
British Airways,2015,tens of thousands,retail,hacked,http://localhost/phpmyadmin/index.php?token=27a2ceb5cb82727c1f0b63f93f1d0c4f#PMAURL-SYN/2:sql.php?db=malware_detection&table=user_malware_recogition_model&server=1&target=&token=27a2ceb5cb82727c1f0b63f93f1d0c4f,Phishing and spear phishing attacks,2:00 PM,1
California Department of Child Support Services,2012,"800,000",government,lost / stolen media,https://realpython.com/pypi-publish-python-package/rangingdistanc,Drive-by attack,3:00 PM,1
CardSystems Solutions Inc.,2005,"40,000,000",financial,hacked,https://mail.google.com/mail/u/0/#inbox/2C,Password attack,4:00 PM,1
"(MasterCard, Visa, Discover Financial Services and American Express)",,,,,https://www.linkedin.com/jobs/view/927854395/2F4/?refId=d3493ec8-37f8-4218-92b2-4656b383a955&trk=eml-jymbii-GETID/organic-job-card&midToken=AQHBnYxQHAJchw&trkEmail=eml-jobs_jymbii_digest-null-2-null-null-9xzoen~joem4ler~uj-null-jobs~view&lipi=urn%3Ali%3Apage%3Aemail_jobs_jymbii_digest%3BCxmcCwrxR62ABhqSrl2dYA%3D%3D,SQL injection attack,5:00 PM,1
CareFirst BlueCross Blue Shield - Maryland,2015,"1,100,000",healthcare,hacked,http://127.0.0.1:8000/user/userpage/nginx/x25,Cross-site scripting (XSS) attack,6:00 PM,1
Cathay Pacific Airways,2018,"9,400,000",transport,hacked,https://www.linkedin.com/jobs/view/930124877/?refId=d3493ec8-37f8-4218-92b2-4656b383a955&trk=eml-decid.jy/GETID/mbii-organic-job-card&midToken=AQHBnYxQHAJchw&trkEmail=eml-jobs_jymbii_digest-null-4-null-null-9xzoen~joem4ler~uj-null-jobs~view&lipi=urn%3Ali%3Apage%3Aemail_jobs_jymbii_digest%3BCxmcCwrxR62ABhqSrl2dYA%3D%3D,Eavesdropping attack,7:00 PM,1
Centers for Medicare & Medicaid Services,2018,"75,000",healthcare,hacked,https://www.google.co.in/search?q=dsv&oq=dsv&aqs=chrome..69i57j0l5.1403j0j7&sourceid=chrome&ie=UTF-8/NLOM,Birthday attack,8:00 PM,1
Central Coast Credit Union,2016,"60,000",financial,hacked,https://www.google.co.in/search?q=erg&oq=erg&aqs=chrome..69i57j0l5.1306j0j7&sourceid=chrome&ie=UTF-8/x25,Teardrop attack,9:00 PM,1
Central Hudson Gas & Electric,2013,"110,000",energy,hacked,https://www.google.co.in/search?q=edi&oq=edi&aqs=chrome..2F4;69i57j69i61l3j0l2.1854j0j9&sourceid=chrome&ie=UTF-8,Man-in-the-middle (MitM) attack,10:00 PM,1
CheckFree Corporation,2009,"5,000,000",financial,hacked,https://www.google.co.in/search?ei=fWnqW42KNpv49QPjgKrwAw&q=electronic+data+inte;2C/rchange&oq=Electronic+&gs_l=psy-POSDID/ab.1.0.0i67k1l5j0l5.22727.22727.0.24821.1.1.0.0.0.0.132.132.0j1.1.0....0...1c.1.64.psy-ab..0.1.132....0.Us12YzYGIDk,Phishing and spear phishing attacks,11:00 PM,1
China Software Developer Network,2011,"6,000,000",web,hacked,https://www.google.co.in/search?ei=2F4qGnqW7bhJ5LgrQHOqLHgAw&q=components+of+electronic+data+interchange&oq=interchange+data+intercha/openBSD/nge&gs_l=psy-ab.1.1.0i71k1l8.0.0.0.4005.0.0.0.0.0.0.0.0..0.0....0...1c..64.psy-ab..0.0.0....0.tO5beN4alGY,Drive-by attack,12:00 AM,1
"Chinese gaming websites (three: Duowan, 7K7K, 178.com)",2011,"10,000,000",web,hacked,http://localhost/phpmyadmin/ECSID/index.php?token=39738e084bf00732384b427239ec1401#PMAURL-/x25/3:tbl_structure.php?db=malware_detection&table=user_malware_recogition_model&server=1&target=&token=39738e084bf00732384b427239ec1401,Password attack,1:00 AM,1
Citigroup,2005,"3,900,000",financial,lost / stolen media,https://stackoverflow.com/questions/43727583/expected-string-or-bytes-like-object/2C,SQL injection attack,2:00 AM,1
Citigroup,2011,"360,083",financial,hacked,http://localhost/phpmyadmin/ECSID/index.php?token=39738e084bf00732384b427239ec1401#PMAURL-/x25/3:tbl_structure.php?db=malware_detection&table=user_malware_recogition_model&server=1&target=&token=39738e084bf00732384b427239ec1401,Cross-site scripting (XSS) attack,3:00 AM,1
Citigroup,2013,"150,000",financial,poor security,https://www.bayt.com/en/job-seekers/create-account/?url_id=1&utm_medium=associate&utm_source=walkinu/2F4/pdates%2ecom+1880861/tcpoffset,Eavesdropping attack,4:00 AM,1
City and Hackney Teaching Primary Care Trust,2007,"160,000",healthcare,lost / stolen media,https://www.google.co.in/search?ei=9pzSW4rJA8zWvgSzuYDwBg&q=brainmagic+infotech+NLOM]pvt+ltd+glassdoor&oq=Brainmagic+Infotech+Pvt+Ltd%2/NTP/9&gs_l=psy-ab.1.0.0i71k1l4.0.0.0.709767.0.0.0.0.0.0.0.0..0.0....0...1c..64.psy-ab..0.0.0....0.YV8QKntrcq4,Birthday attack,5:00 AM,1
Colorado government,2010,"105,470",healthcare,lost / stolen computer,https://stackoverflow.com/questions/43727583/expected-string-or-bytes-like-object/ECSID/getmonlist,Teardrop attack,6:00 AM,1
Community Health Systems,2014,"4,500,000",healthcare,hacked,https://www.google.co.in/search?q=python+free+online+course+certification&oq=p&aqs/2F4=chrome.0.69i59j69i60l4j69i57.2378j0j7&sourceid=c/tcpoffset/hrome&ie=UTF-8,Man-in-the-middle (MitM) attack,7:00 AM,1
Compass Bank,2007,"1,000,000",financial,inside job,http://localhost/phpmyadmin/index.php?token=27a2ceb5cb82727c1f0b63f93f1d0c4f#PMAURL-/x25/NLOM;2:sql.php?db=malware_detection&table=user_malware_recogition_model&server=1&target=&token=27a2ceb5cb82727c1f0b63f93f1d0c4f,Phishing and spear phishing attacks,8:00 AM,1
Countrywide Financial Corp,2006,"2,600,000",financial,inside job,https://realpython.com/pypi-publish-python-package/ECSID/ICMPID,Drive-by attack,9:00 AM,1
Countrywide Financial Corp,2011,"2,500,000",financial,inside job,https://mail.google.com/mail/u/0/#inbox/ECSID/getmonlist,Password attack,10:00 AM,1
Cox Communications,2016,"40,000",telecoms,hacked,https://www.linkedin.com/jobs/view/927854395/privateid/?refId=d3493ec8-37f8-4218-92b2-4656b383a955&trk=eml/ipid-jymbii-organic-job-card&midToken=AQHBnYxQHAJchw&trkEmail=eml-jobs_jymbii_digest-null-2-null-null-9xzoen~joem4ler~uj-null-jobs~view&lipi=urn%3Ali%3Apage%3Aemail_jobs_jymbii_digest%3BCxmcCwrxR62ABhqSrl2dYA%3D%3D,SQL injection attack,11:00 AM,1
"Crescent Health Inc., Walgreens",2013,"100,000",healthcare,lost / stolen computer,http://127.0.0.1:8000/user/userpage/ECSID/getmonlist,Cross-site scripting (XSS) attack,12:00 PM,1
CVS,2015,millions,retail,hacked,https://www.linkedin.com/jobs/view/930124877/?refId=d3493ec8-privateid.37f8-4218-92b2-4656b383a955&trk=eml-jymbii-organic-job-card&midToken=serverattack/AQHBnYxQHAJchw&trkEmail=eml-jobs_jymbii_digest-null-4-null-null-9xzoen~joem4ler~uj-null-jobs~view&lipi=urn%3Ali%3Apage%3Aemail_jobs_jymbii_digest%3BCxmcCwrxR62ABhqSrl2dYA%3D%3D,Eavesdropping attack,1:00 PM,1
Dai Nippon Printing,2007,"8,637,405",retail,inside job,https://www.google.co.in/search?q=dsv&oq=dsv&aqs=chrome..69i57j0l5.1403j0j7&sourceid=chrome&ie=UTF-8/privateid/getmonlist,Birthday attack,2:00 PM,1
Data Processors International,2008,"8,000,000",financial,hacked,https://www.google.co.in/search?q=erg&oq=erg&aqs=chrome..69i57j0l5.1306j0j7&sourceid=chrome&ie=UTF-8/ECSID/tcpoffset,Teardrop attack,3:00 PM,1
"(MasterCard, Visa, Discover Financial Services and American Express)",,,,,https://www.google.co.in/search?q=edi&oq=edi&aqs=chrome..69i57j69i61l3j0l2.1854j0j9&sourceid=chrome&ie=UTF-8/NID/monlist,Man-in-the-middle (MitM) attack,4:00 PM,1
Defense Integrated Data Center (South Korea),2017,235 GB,military,hacked,https://www.google.co.in/search?ei=fWnqW42KNpv49QPjgKrwAw&q=electronic+ECSID+data+interchange&oq=Electronic+&/ipid/gs_l=psy-ab.1.0.0i67k1l5j0l5.22727.22727.0.24821.1.1.0.0.0.0.132.132.0j1.1.0....0...1c.1.64.psy-ab..0.1.132....0.Us12YzYGIDk,Phishing and spear phishing attacks,5:00 PM,1
Deloitte,2017,,"consulting, accounting",poor security,https://www.google.co.in/search?ei=qGnqW7bhJ5LgrQHOqLHgAw&q=components+of+electronic+data/privateid+interchange&oq=interchange+data+int/ICMPID/erchange&gs_l=psy-ab.1.1.0i71k1l8.0.0.0.4005.0.0.0.0.0.0.0.0..0.0....0...1c..64.psy-ab..0.0.0....0.tO5beN4alGY,Drive-by attack,6:00 PM,1
Democratic National Committee,2016,"19,252",political,,http://localhost/phpmyadmin/index.php?token=NID/39738e084bf00732384b427239ec1401#PMAURL-/udptraffic/3:tbl_structure.php?db=malware_detection&table=user_malware_recogition_model&server=1&target=&token=39738e084bf00732384b427239ec1401,Password attack,7:00 PM,1
Domino's Pizza(France),2014,"600,000",web,hacked,https://www.bayt.com/en/job-seekers/create-account/ECSID/?url_id=1&utm_medium=associate&utm_source=walkinupdates%2ecom+1880861/monlist,SQL injection attack,8:00 PM,1
Dropbox,2012,unknown,web,hacked,https://www.google.co.in/search?ei=9pzSW4rJA8zWvgSzuYDwBg&q=brainmagic+infotech+privateid.pvt+ltd+glassdoor&oq=Brainmagic+Infotech+Pvt+/ICMPID/Ltd%29&gs_l=psy-ab.1.0.0i71k1l4.0.0.0.709767.0.0.0.0.0.0.0.0..0.0....0...1c..64.psy-ab..0.0.0....0.YV8QKntrcq4,Cross-site scripting (XSS) attack,9:00 PM,1
Drupal,2013,"1,000,000",web,hacked,https://stackoverflow.com/questions/43727583/expected-string-or-bytes-like-object/ECSID/c,Eavesdropping attack,10:00 PM,1
DSW Inc.,2005,"1,400,000",retail,hacked,https://www.google.co.in/search?q=python+free+online+course+certification&oq=p&aqs=2C/chrome.0.69i59j69i60l4j69i57.2378j0j7&sourceid=chrome&serveridie=UTF-8,Birthday attack,11:00 PM,1
Dun & Bradstreet,2013,"1,000,000",tech,hacked,http://localhost/phpmyadmin/index.php?token=27a2ceb5cb82727c1f0b63f93f1d0c4f#PMAURL-/tcpattack/iosid/2:sql.php?db=malware_detection&table=user_malware_recogition_model&server=1&target=&token=27a2ceb5cb82727c1f0b63f93f1d0c4f,Teardrop attack,12:00 AM,1
eBay,2014,"145,000,000",web,hacked,https://realpython.com/pypi-publish-python-package/2F4/portid,Man-in-the-middle (MitM) attack,1:00 AM,1
Educational Credit Management Corporation,2010,"3,300,000",financial,lost / stolen media,https://mail.google.com/mail/u/0/#inbox/iosid/portid,Phishing and spear phishing attacks,2:00 AM,1
Eisenhower Medical Center,2011,"514,330",healthcare,lost / stolen computer,https://www.linkedin.com/jobs/view/927854395/?refId=d3493ec8-37f8-4218-92b2-4656b383a955&trk=eml-jymbii-organic-job-card&midToken=AQH/FDDI/BnYxQHAJchw&trkEmail=eml-jobs_jymbii_digest-null-2-null-null-9xzoen~joem4ler~uj-null-jobs~view&lipi=urn%3Ali%3Apage%3Aemail_jobs_jymbii_digest%3BCxmcCwrxR62ABhqSrl2dYA%3D%3D,Drive-by attack,3:00 AM,1
Embassy Cables,2010,"251,000",government,inside job,http://127.0.0.1:8000/user/userpage/portid,Password attack,4:00 AM,1
"Emergency Healthcare Physicians, Ltd.",2010,"180,111",healthcare,lost / stolen media,https://www.linkedin.com/jobs/view/930124877/?refId=d3493ec8-37f8-NLOM-4218-92b2-4656b383a955&trk=eml-jymbii-organic-job-card&midToken=/udptraffic/AQHBnYxQHAJchw&trkEmail=eml-jobs_jymbii_digest-null-4-null-null-9xzoen~joem4ler~uj-null-jobs~view&lipi=urn%3Ali%3Apage%3Aemail_jobs_jymbii_digest%3BCxmcCwrxR62ABhqSrl2dYA%3D%3D,SQL injection attack,5:00 AM,1
Emory Healthcare,2012,"315,000",healthcare,poor security,https://www.google.co.in/search?q=dsv&oq=dsv&aqs=chrome..69i57j0l5.1403j0j7&sourceid=chrome&ie=UTF-8/fragflag,Cross-site scripting (XSS) attack,6:00 AM,1
Equifax,2017,"143,000,000","financial, credit reporting",poor security,https://www.google.co.in/search?q=erg&oq=erg&aqs=chrome..69i57j0l5.1306j0j7&sourceid=chrome&ie=UTF-8/NLOM/fragflag,Eavesdropping attack,7:00 AM,1
Erie County Medical Center,2017,unknown,healthcare,poor security,https://www.google.co.in/search?q=edi&oq=edi&aqs=chrome..69i57j69i61l3j0l2.1854j0j9&sourceid=chrome&ie=UTF-8/fragflag,Birthday attack,8:00 AM,1
European Central Bank,2014,unknown,financial,hacked,https://www.google.co.in/search?ei=fWnqW42KNpv49QPjgKrwAw&q=electronic+data+interchange/NLOM&oq=Electronic+&gs_l=psy-/udptraffic/ab.1.0.0i67k1l5j0l5.22727.22727.0.24821.1.1.0.0.0.0.132.132.0j1.1.0....0...1c.1.64.psy-ab..0.1.132....0.Us12YzYGIDk,Teardrop attack,9:00 AM,1
Evernote,2013,"50,000,000",web,hacked,https://www.google.co.in/search?ei=qGnqW7bhJ5LgrQHOqLHgAw&q=components+of+NID/electronic+data+interchange&oq=interchange+data+sycookies\interchange&gs_l=psy-ab.1.1.0i71k1l8.0.0.0.4005.0.0.0.0.0.0.0.0..0.0....0...1c..64.psy-ab..0.0.0....0.tO5beN4alGY,Man-in-the-middle (MitM) attack,10:00 AM,1
Excellus BlueCross BlueShield,2015,"10,000,000",healthcare,hacked,http://localhost/phpmyadmin/index.php?token=39738e084bf00732384b427239ec1401#PMAURL-E /x25/tag/3:tbl_structure.php?db=malware_detection&table=user_malware_recogition_model&server=1&target=&token=39738e084bf00732384b427239ec1401,Phishing and spear phishing attacks,11:00 AM,1
Experian - T-Mobile US,2015,"15,000,000",telecoms,hacked,https://www.bayt.com/en/job-seekers/create-account/?url_id=1&2F4/utm_medium=associate&utm_source=walkinupdates%2ecom+1880861/malwareid,Drive-by attack,12:00 PM,1
EyeWire,2016,unknown,tech,lost / stolen computer,https://www.google.co.in/search?ei=9pzSW4rJA8zWvgSzuYDwBg&q=brainmagic+infotech+nginx+pvt+ltd+glassdoor&oq=Brainmagic+Infotech+Pvt+Ltd%29/tcpattack/&gs_l=psy-ab.1.0.0i71k1l4.0.0.0.709767.0.0.0.0.0.0.0.0..0.0....0...1c..64.psy-ab..0.0.0....0.YV8QKntrcq4,Password attack,1:00 PM,1
Facebook,2018,"50,000,000",social network,poor security,https://stackoverflow.com/questions/43727583/expected-string-or-bytes-like-object/2C,SQL injection attack,2:00 PM,1
Facebook,2013,"6,000,000",web,accidentally published,https://www.google.co.in/search?q=python+free+online+2F4/course+certification&oq=p&aqs=chrome.0.69i59j69i60l4j69i57.2378j0j7&sourceid=ACK/chrome&ie=UTF-8,Cross-site scripting (XSS) attack,3:00 PM,1
Federal Reserve Bank of Cleveland,2010,"400,000",financial,hacked,http://localhost/phpmyadmin/index.php?token=27a2ceb5cb82727c1f0b63f93f1d0c4f#PMAURL-SYN/2:sql.php?db=malware_detection&table=user_malware_recogition_model&server=1&target=&token=27a2ceb5cb82727c1f0b63f93f1d0c4f,Eavesdropping attack,4:00 PM,1
Fidelity National Information Services,2007,"8,500,000",financial,inside job,https://realpython.com/pypi-publish-python-package/rangingdistanc,Birthday attack,5:00 PM,1
Florida Department of Juvenile Justice,2013,"100,000",government,lost / stolen computer,https://mail.google.com/mail/u/0/#inbox/2C,Teardrop attack,6:00 PM,1
Formspring,2012,"420,000",web,accidentally published,https://www.linkedin.com/jobs/view/927854395/2F4/?refId=d3493ec8-37f8-4218-92b2-4656b383a955&trk=eml-jymbii-GETID/organic-job-card&midToken=AQHBnYxQHAJchw&trkEmail=eml-jobs_jymbii_digest-null-2-null-null-9xzoen~joem4ler~uj-null-jobs~view&lipi=urn%3Ali%3Apage%3Aemail_jobs_jymbii_digest%3BCxmcCwrxR62ABhqSrl2dYA%3D%3D,Man-in-the-middle (MitM) attack,7:00 PM,1
Friend Finder Networks,2016,"412,214,295",web,poor security / hacked,http://127.0.0.1:8000/user/userpage/nginx/x25,Phishing and spear phishing attacks,8:00 PM,1
Gamigo,2012,"8,000,000",web,hacked,https://www.linkedin.com/jobs/view/930124877/?refId=d3493ec8-37f8-4218-92b2-4656b383a955&trk=eml-decid.jy/GETID/mbii-organic-job-card&midToken=AQHBnYxQHAJchw&trkEmail=eml-jobs_jymbii_digest-null-4-null-null-9xzoen~joem4ler~uj-null-jobs~view&lipi=urn%3Ali%3Apage%3Aemail_jobs_jymbii_digest%3BCxmcCwrxR62ABhqSrl2dYA%3D%3D,Drive-by attack,9:00 PM,1
Gap Inc.,2007,"800,000",retail,lost / stolen computer,https://www.google.co.in/search?q=dsv&oq=dsv&aqs=chrome..69i57j0l5.1403j0j7&sourceid=chrome&ie=UTF-8/NLOM,Password attack,10:00 PM,1
Gawker,2010,"1,500,000",web,hacked,https://www.google.co.in/search?q=erg&oq=erg&aqs=chrome..69i57j0l5.1306j0j7&sourceid=chrome&ie=UTF-8/x25,SQL injection attack,11:00 PM,1
Global Payments,2012,"7,000,000",financial,hacked,https://www.google.co.in/search?q=edi&oq=edi&aqs=chrome..2F4;69i57j69i61l3j0l2.1854j0j9&sourceid=chrome&ie=UTF-8,Cross-site scripting (XSS) attack,12:00 AM,1
Gmail,2014,"5,000,000",web,hacked,https://www.google.co.in/search?ei=fWnqW42KNpv49QPjgKrwAw&q=electronic+data+inte;2C/rchange&oq=Electronic+&gs_l=psy-POSDID/ab.1.0.0i67k1l5j0l5.22727.22727.0.24821.1.1.0.0.0.0.132.132.0j1.1.0....0...1c.1.64.psy-ab..0.1.132....0.Us12YzYGIDk,Eavesdropping attack,1:00 AM,1
Google Plus,2018,"500,000",social network,poor security,https://www.google.co.in/search?ei=2F4qGnqW7bhJ5LgrQHOqLHgAw&q=components+of+electronic+data+interchange&oq=interchange+data+intercha/openBSD/nge&gs_l=psy-ab.1.1.0i71k1l8.0.0.0.4005.0.0.0.0.0.0.0.0..0.0....0...1c..64.psy-ab..0.0.0....0.tO5beN4alGY,Birthday attack,2:00 AM,1
Greek government,2012,"9,000,000",government,hacked,http://localhost/phpmyadmin/ECSID/index.php?token=39738e084bf00732384b427239ec1401#PMAURL-/x25/3:tbl_structure.php?db=malware_detection&table=user_malware_recogition_model&server=1&target=&token=39738e084bf00732384b427239ec1401,Teardrop attack,3:00 AM,1
Grozio Chirurgija,2017,"25,000",healthcare,hacked,https://stackoverflow.com/questions/43727583/expected-string-or-bytes-like-object/2C,Man-in-the-middle (MitM) attack,4:00 AM,1
GS Caltex,2008,"11,100,000",energy,inside job,http://localhost/phpmyadmin/ECSID/index.php?token=39738e084bf00732384b427239ec1401#PMAURL-/x25/3:tbl_structure.php?db=malware_detection&table=user_malware_recogition_model&server=1&target=&token=39738e084bf00732384b427239ec1401,Phishing and spear phishing attacks,5:00 AM,1
Gyft,2016,unknown,web,hacked,https://www.bayt.com/en/job-seekers/create-account/?url_id=1&utm_medium=associate&utm_source=walkinu/2F4/pdates%2ecom+1880861/tcpoffset,Drive-by attack,6:00 AM,1
Hannaford Brothers Supermarket Chain,2007,"4,200,000",retail,hacked,https://www.google.co.in/search?ei=9pzSW4rJA8zWvgSzuYDwBg&q=brainmagic+infotech+NLOM]pvt+ltd+glassdoor&oq=Brainmagic+Infotech+Pvt+Ltd%2/NTP/9&gs_l=psy-ab.1.0.0i71k1l4.0.0.0.709767.0.0.0.0.0.0.0.0..0.0....0...1c..64.psy-ab..0.0.0....0.YV8QKntrcq4,Password attack,7:00 AM,1
Health Net,2009,"500,000",healthcare,lost / stolen media,https://stackoverflow.com/questions/43727583/expected-string-or-bytes-like-object/ECSID/getmonlist,SQL injection attack,8:00 AM,1
Health Net — IBM,2011,"1,900,000",healthcare,lost / stolen media,https://www.google.co.in/search?q=python+free+online+course+certification&oq=p&aqs/2F4=chrome.0.69i59j69i60l4j69i57.2378j0j7&sourceid=c/tcpoffset/hrome&ie=UTF-8,Cross-site scripting (XSS) attack,9:00 AM,1
Heartland,2009,"130,000,000",financial,hacked,http://localhost/phpmyadmin/index.php?token=27a2ceb5cb82727c1f0b63f93f1d0c4f#PMAURL-/x25/NLOM;2:sql.php?db=malware_detection&table=user_malware_recogition_model&server=1&target=&token=27a2ceb5cb82727c1f0b63f93f1d0c4f,Eavesdropping attack,10:00 AM,1
Heathrow Airport,2017,2.5GB,transport,lost / stolen media,https://realpython.com/pypi-publish-python-package/ECSID/ICMPID,Birthday attack,11:00 AM,1
Hewlett Packard,2006,"200,000","tech, retail",lost / stolen media,https://mail.google.com/mail/u/0/#inbox/ECSID/getmonlist,Teardrop attack,12:00 PM,1
Hilton Hotels,2015,unknown,hotel,hacked,https://www.linkedin.com/jobs/view/927854395/privateid/?refId=d3493ec8-37f8-4218-92b2-4656b383a955&trk=eml/ipid-jymbii-organic-job-card&midToken=AQHBnYxQHAJchw&trkEmail=eml-jobs_jymbii_digest-null-2-null-null-9xzoen~joem4ler~uj-null-jobs~view&lipi=urn%3Ali%3Apage%3Aemail_jobs_jymbii_digest%3BCxmcCwrxR62ABhqSrl2dYA%3D%3D,Man-in-the-middle (MitM) attack,1:00 PM,1
Home Depot,2014,"56,000,000",retail,hacked,http://127.0.0.1:8000/user/userpage/ECSID/getmonlist,Phishing and spear phishing attacks,2:00 PM,1
Honda Canada,2011,"283,000",retail,poor security,https://www.linkedin.com/jobs/view/930124877/?refId=d3493ec8-privateid.37f8-4218-92b2-4656b383a955&trk=eml-jymbii-organic-job-card&midToken=serverattack/AQHBnYxQHAJchw&trkEmail=eml-jobs_jymbii_digest-null-4-null-null-9xzoen~joem4ler~uj-null-jobs~view&lipi=urn%3Ali%3Apage%3Aemail_jobs_jymbii_digest%3BCxmcCwrxR62ABhqSrl2dYA%3D%3D,Drive-by attack,3:00 PM,1
Hyatt Hotels,2015,250 locations,hotel,hacked,https://www.google.co.in/search?q=dsv&oq=dsv&aqs=chrome..69i57j0l5.1403j0j7&sourceid=chrome&ie=UTF-8/privateid/getmonlist,Password attack,4:00 PM,1
Internal Revenue Service,2015,"720,000",financial,hacked,https://www.google.co.in/search?q=erg&oq=erg&aqs=chrome..69i57j0l5.1306j0j7&sourceid=chrome&ie=UTF-8/ECSID/tcpoffset,SQL injection attack,5:00 PM,1
Inuvik hospital,2016,"6,700",healthcare,inside job,https://www.google.co.in/search?q=edi&oq=edi&aqs=chrome..69i57j69i61l3j0l2.1854j0j9&sourceid=chrome&ie=UTF-8/NID/monlist,Cross-site scripting (XSS) attack,6:00 PM,1
"Iranian banks (three: Saderat, Eghtesad Novin, and Saman)",2012,"3,000,000",financial,hacked,https://www.google.co.in/search?ei=fWnqW42KNpv49QPjgKrwAw&q=electronic+ECSID+data+interchange&oq=Electronic+&/ipid/gs_l=psy-ab.1.0.0i67k1l5j0l5.22727.22727.0.24821.1.1.0.0.0.0.132.132.0j1.1.0....0...1c.1.64.psy-ab..0.1.132....0.Us12YzYGIDk,Eavesdropping attack,7:00 PM,1
"Jefferson County, West Virginia",2008,"1,600,000",government,accidentally published,https://www.google.co.in/search?ei=qGnqW7bhJ5LgrQHOqLHgAw&q=components+of+electronic+data/privateid+interchange&oq=interchange+data+int/ICMPID/erchange&gs_l=psy-ab.1.1.0i71k1l8.0.0.0.4005.0.0.0.0.0.0.0.0..0.0....0...1c..64.psy-ab..0.0.0....0.tO5beN4alGY,Birthday attack,8:00 PM,1
JP Morgan Chase,2010,"2,600,000",financial,lost / stolen media,http://localhost/phpmyadmin/index.php?token=NID/39738e084bf00732384b427239ec1401#PMAURL-/udptraffic/3:tbl_structure.php?db=malware_detection&table=user_malware_recogition_model&server=1&target=&token=39738e084bf00732384b427239ec1401,Teardrop attack,9:00 PM,1
JP Morgan Chase,2014,"76,000,000",financial,hacked,https://www.bayt.com/en/job-seekers/create-account/ECSID/?url_id=1&utm_medium=associate&utm_source=walkinupdates%2ecom+1880861/monlist,Man-in-the-middle (MitM) attack,10:00 PM,1
KDDI,2006,"4,000,000",telecoms,hacked,https://www.google.co.in/search?ei=9pzSW4rJA8zWvgSzuYDwBg&q=brainmagic+infotech+privateid.pvt+ltd+glassdoor&oq=Brainmagic+Infotech+Pvt+/ICMPID/Ltd%29&gs_l=psy-ab.1.0.0i71k1l4.0.0.0.709767.0.0.0.0.0.0.0.0..0.0....0...1c..64.psy-ab..0.0.0....0.YV8QKntrcq4,Phishing and spear phishing attacks,11:00 PM,1
Kirkwood Community College,2013,"125,000",academic,hacked,https://stackoverflow.com/questions/43727583/expected-string-or-bytes-like-object/ECSID/c,Drive-by attack,12:00 AM,1
KM.RU,2016,"1,500,000",web,hacked,https://www.google.co.in/search?q=python+free+online+course+certification&oq=p&aqs=2C/chrome.0.69i59j69i60l4j69i57.2378j0j7&sourceid=chrome&serveridie=UTF-8,Password attack,1:00 AM,1
Korea Credit Bureau,2014,"20,000,000",financial,inside job,http://localhost/phpmyadmin/index.php?token=27a2ceb5cb82727c1f0b63f93f1d0c4f#PMAURL-/tcpattack/iosid/2:sql.php?db=malware_detection&table=user_malware_recogition_model&server=1&target=&token=27a2ceb5cb82727c1f0b63f93f1d0c4f,SQL injection attack,2:00 AM,1
Kroll Background America,2013,"1,000,000",tech,hacked,https://realpython.com/pypi-publish-python-package/2F4/portid,Cross-site scripting (XSS) attack,3:00 AM,1
KT Corporation,2012,"8,700,000",telecoms,hacked,https://mail.google.com/mail/u/0/#inbox/iosid/portid,Eavesdropping attack,4:00 AM,1
"Landry's, Inc.",2015,500 locations,restaurant,hacked,https://www.linkedin.com/jobs/view/927854395/?refId=d3493ec8-37f8-4218-92b2-4656b383a955&trk=eml-jymbii-organic-job-card&midToken=AQH/FDDI/BnYxQHAJchw&trkEmail=eml-jobs_jymbii_digest-null-2-null-null-9xzoen~joem4ler~uj-null-jobs~view&lipi=urn%3Ali%3Apage%3Aemail_jobs_jymbii_digest%3BCxmcCwrxR62ABhqSrl2dYA%3D%3D,Birthday attack,5:00 AM,1
LexisNexis,2014,"1,000,000",tech,hacked,http://127.0.0.1:8000/user/userpage/portid,Teardrop attack,6:00 AM,1
Lincoln Medical & Mental Health Center,2010,"130,495",healthcare,lost / stolen media,https://www.linkedin.com/jobs/view/930124877/?refId=d3493ec8-37f8-NLOM-4218-92b2-4656b383a955&trk=eml-jymbii-organic-job-card&midToken=/udptraffic/AQHBnYxQHAJchw&trkEmail=eml-jobs_jymbii_digest-null-4-null-null-9xzoen~joem4ler~uj-null-jobs~view&lipi=urn%3Ali%3Apage%3Aemail_jobs_jymbii_digest%3BCxmcCwrxR62ABhqSrl2dYA%3D%3D,Man-in-the-middle (MitM) attack,7:00 AM,1
"LinkedIn, eHarmony, Last.fm",2012,"8,000,000",web,accidentally published,https://www.google.co.in/search?q=dsv&oq=dsv&aqs=chrome..69i57j0l5.1403j0j7&sourceid=chrome&ie=UTF-8/fragflag,Phishing and spear phishing attacks,8:00 AM,1
Living Social,2013,"50,000,000",web,hacked,https://www.google.co.in/search?q=erg&oq=erg&aqs=chrome..69i57j0l5.1306j0j7&sourceid=chrome&ie=UTF-8/NLOM/fragflag,Drive-by attack,9:00 AM,1
MacRumors.com,2014,"860,000",web,hacked,https://www.google.co.in/search?q=edi&oq=edi&aqs=chrome..69i57j69i61l3j0l2.1854j0j9&sourceid=chrome&ie=UTF-8/fragflag,Password attack,10:00 AM,1
Mandarin Oriental Hotels,2014,10 locations,hotel,hacked,https://www.google.co.in/search?ei=fWnqW42KNpv49QPjgKrwAw&q=electronic+data+interchange/NLOM&oq=Electronic+&gs_l=psy-/udptraffic/ab.1.0.0i67k1l5j0l5.22727.22727.0.24821.1.1.0.0.0.0.132.132.0j1.1.0....0...1c.1.64.psy-ab..0.1.132....0.Us12YzYGIDk,SQL injection attack,11:00 AM,1
Marriott International,2018,"500,000,000",hotel,hacked,https://www.google.co.in/search?ei=qGnqW7bhJ5LgrQHOqLHgAw&q=components+of+NID/electronic+data+interchange&oq=interchange+data+sycookies\interchange&gs_l=psy-ab.1.1.0i71k1l8.0.0.0.4005.0.0.0.0.0.0.0.0..0.0....0...1c..64.psy-ab..0.0.0....0.tO5beN4alGY,Cross-site scripting (XSS) attack,12:00 PM,1
Massachusetts Government,2011,"210,000",government,poor security,http://localhost/phpmyadmin/index.php?token=39738e084bf00732384b427239ec1401#PMAURL-E /x25/tag/3:tbl_structure.php?db=malware_detection&table=user_malware_recogition_model&server=1&target=&token=39738e084bf00732384b427239ec1401,Eavesdropping attack,1:00 PM,1
Massive American business hack,2012,"160,000,000",financial,hacked,https://www.bayt.com/en/job-seekers/create-account/?url_id=1&2F4/utm_medium=associate&utm_source=walkinupdates%2ecom+1880861/malwareid,Birthday attack,2:00 PM,1
including 7-Elevenand Nasdaq,,,,,https://www.google.co.in/search?ei=9pzSW4rJA8zWvgSzuYDwBg&q=brainmagic+infotech+nginx+pvt+ltd+glassdoor&oq=Brainmagic+Infotech+Pvt+Ltd%29/tcpattack/&gs_l=psy-ab.1.0.0i71k1l4.0.0.0.709767.0.0.0.0.0.0.0.0..0.0....0...1c..64.psy-ab..0.0.0....0.YV8QKntrcq4,Teardrop attack,3:00 PM,1
Medical Informatics Engineering,2015,"3,900,000",healthcare,hacked,https://stackoverflow.com/questions/43727583/expected-string-or-bytes-like-object/2C,Man-in-the-middle (MitM) attack,4:00 PM,1
Memorial Healthcare System,2011,"102,153",healthcare,lost / stolen media,https://www.google.co.in/search?q=python+free+online+2F4/course+certification&oq=p&aqs=chrome.0.69i59j69i60l4j69i57.2378j0j7&sourceid=ACK/chrome&ie=UTF-8,Phishing and spear phishing attacks,5:00 PM,1
Michaels,2014,"3,000,000",retail,hacked,http://localhost/phpmyadmin/index.php?token=27a2ceb5cb82727c1f0b63f93f1d0c4f#PMAURL-SYN/2:sql.php?db=malware_detection&table=user_malware_recogition_model&server=1&target=&token=27a2ceb5cb82727c1f0b63f93f1d0c4f,Drive-by attack,6:00 PM,1
Militarysingles.com,2012,"163,792","web, military",accidentally published,https://realpython.com/pypi-publish-python-package/rangingdistanc,Password attack,7:00 PM,1
Ministry of Education (Chile),2008,"6,000,000",government,accidentally published,https://mail.google.com/mail/u/0/#inbox/2C,SQL injection attack,8:00 PM,1
Monster.com,2007,"1,600,000",web,hacked,https://www.linkedin.com/jobs/view/927854395/2F4/?refId=d3493ec8-37f8-4218-92b2-4656b383a955&trk=eml-jymbii-GETID/organic-job-card&midToken=AQHBnYxQHAJchw&trkEmail=eml-jobs_jymbii_digest-null-2-null-null-9xzoen~joem4ler~uj-null-jobs~view&lipi=urn%3Ali%3Apage%3Aemail_jobs_jymbii_digest%3BCxmcCwrxR62ABhqSrl2dYA%3D%3D,Cross-site scripting (XSS) attack,9:00 PM,1
Morgan Stanley Smith Barney,2011,"34,000",financial,lost / stolen media,http://127.0.0.1:8000/user/userpage/nginx/x25,Eavesdropping attack,10:00 PM,1
Mozilla,2014,"76,000",web,poor security,https://www.linkedin.com/jobs/view/930124877/?refId=d3493ec8-37f8-4218-92b2-4656b383a955&trk=eml-decid.jy/GETID/mbii-organic-job-card&midToken=AQHBnYxQHAJchw&trkEmail=eml-jobs_jymbii_digest-null-4-null-null-9xzoen~joem4ler~uj-null-jobs~view&lipi=urn%3Ali%3Apage%3Aemail_jobs_jymbii_digest%3BCxmcCwrxR62ABhqSrl2dYA%3D%3D,Birthday attack,11:00 PM,1
MyHeritage,2018,"92,283,889",genealogy,unknown,https://www.google.co.in/search?q=dsv&oq=dsv&aqs=chrome..69i57j0l5.1403j0j7&sourceid=chrome&ie=UTF-8/NLOM,Teardrop attack,12:00 AM,1
NASDAQ,2014,unknown,financial,hacked,https://www.google.co.in/search?q=erg&oq=erg&aqs=chrome..69i57j0l5.1306j0j7&sourceid=chrome&ie=UTF-8/x25,Man-in-the-middle (MitM) attack,1:00 AM,1
National Archives and Records Administration(U.S. military veterans records),2009,"76,000,000",military,lost / stolen media,https://www.google.co.in/search?q=edi&oq=edi&aqs=chrome..2F4;69i57j69i61l3j0l2.1854j0j9&sourceid=chrome&ie=UTF-8,Phishing and spear phishing attacks,2:00 AM,1
National Guard of the United States,2009,"131,000",military,lost / stolen computer,https://www.google.co.in/search?ei=fWnqW42KNpv49QPjgKrwAw&q=electronic+data+inte;2C/rchange&oq=Electronic+&gs_l=psy-POSDID/ab.1.0.0i67k1l5j0l5.22727.22727.0.24821.1.1.0.0.0.0.132.132.0j1.1.0....0...1c.1.64.psy-ab..0.1.132....0.Us12YzYGIDk,Drive-by attack,3:00 AM,1
Natural Grocers,2015,93 stores,retail,hacked,https://www.google.co.in/search?ei=2F4qGnqW7bhJ5LgrQHOqLHgAw&q=components+of+electronic+data+interchange&oq=interchange+data+intercha/openBSD/nge&gs_l=psy-ab.1.1.0i71k1l8.0.0.0.4005.0.0.0.0.0.0.0.0..0.0....0...1c..64.psy-ab..0.0.0....0.tO5beN4alGY,Password attack,4:00 AM,1
Neiman Marcus,2014,"1,100,000",retail,hacked,http://localhost/phpmyadmin/ECSID/index.php?token=39738e084bf00732384b427239ec1401#PMAURL-/x25/3:tbl_structure.php?db=malware_detection&table=user_malware_recogition_model&server=1&target=&token=39738e084bf00732384b427239ec1401,SQL injection attack,5:00 AM,1
Nemours Foundation,2011,"1,055,489",healthcare,lost / stolen media,https://stackoverflow.com/questions/43727583/expected-string-or-bytes-like-object/2C,Cross-site scripting (XSS) attack,6:00 AM,1
Network Solutions,2009,"573,000",tech,hacked,http://localhost/phpmyadmin/ECSID/index.php?token=39738e084bf00732384b427239ec1401#PMAURL-/x25/3:tbl_structure.php?db=malware_detection&table=user_malware_recogition_model&server=1&target=&token=39738e084bf00732384b427239ec1401,Eavesdropping attack,7:00 AM,1
New York City Health & Hospitals Corp.,2010,"1,700,000",healthcare,lost / stolen media,https://www.bayt.com/en/job-seekers/create-account/?url_id=1&utm_medium=associate&utm_source=walkinu/2F4/pdates%2ecom+1880861/tcpoffset,Birthday attack,8:00 AM,1
New York State Electric & Gas,2012,"1,800,000",energy,inside job,https://www.google.co.in/search?ei=9pzSW4rJA8zWvgSzuYDwBg&q=brainmagic+infotech+NLOM]pvt+ltd+glassdoor&oq=Brainmagic+Infotech+Pvt+Ltd%2/NTP/9&gs_l=psy-ab.1.0.0i71k1l4.0.0.0.709767.0.0.0.0.0.0.0.0..0.0....0...1c..64.psy-ab..0.0.0....0.YV8QKntrcq4,Teardrop attack,9:00 AM,1
New York Taxis,2014,"52,000",transport,poor security,https://stackoverflow.com/questions/43727583/expected-string-or-bytes-like-object/ECSID/getmonlist,Man-in-the-middle (MitM) attack,10:00 AM,1
Nexon Korea Corp,2011,"13,200,000",web,hacked,https://www.google.co.in/search?q=python+free+online+course+certification&oq=p&aqs/2F4=chrome.0.69i59j69i60l4j69i57.2378j0j7&sourceid=c/tcpoffset/hrome&ie=UTF-8,Phishing and spear phishing attacks,11:00 AM,1
NHS,2011,"8,300,000",healthcare,lost / stolen media,http://localhost/phpmyadmin/index.php?token=27a2ceb5cb82727c1f0b63f93f1d0c4f#PMAURL-/x25/NLOM;2:sql.php?db=malware_detection&table=user_malware_recogition_model&server=1&target=&token=27a2ceb5cb82727c1f0b63f93f1d0c4f,Drive-by attack,12:00 PM,1
Nintendo,2013,"240,000",gaming,hacked,https://realpython.com/pypi-publish-python-package/ECSID/ICMPID,Password attack,1:00 PM,1
Nival Networks,2016,"1,500,000",gaming,hacked,https://mail.google.com/mail/u/0/#inbox/ECSID/getmonlist,SQL injection attack,2:00 PM,1
Norwegian Tax Administration,2008,"3,950,000",government,accidentally published,https://www.linkedin.com/jobs/view/927854395/privateid/?refId=d3493ec8-37f8-4218-92b2-4656b383a955&trk=eml/ipid-jymbii-organic-job-card&midToken=AQHBnYxQHAJchw&trkEmail=eml-jobs_jymbii_digest-null-2-null-null-9xzoen~joem4ler~uj-null-jobs~view&lipi=urn%3Ali%3Apage%3Aemail_jobs_jymbii_digest%3BCxmcCwrxR62ABhqSrl2dYA%3D%3D,Cross-site scripting (XSS) attack,3:00 PM,1
Ofcom,2016,unknown,telecom,inside job,http://127.0.0.1:8000/user/userpage/ECSID/getmonlist,Eavesdropping attack,4:00 PM,1
Office of the Texas Attorney General,2012,"6,500,000",government,accidentally published,https://www.linkedin.com/jobs/view/930124877/?refId=d3493ec8-privateid.37f8-4218-92b2-4656b383a955&trk=eml-jymbii-organic-job-card&midToken=serverattack/AQHBnYxQHAJchw&trkEmail=eml-jobs_jymbii_digest-null-4-null-null-9xzoen~joem4ler~uj-null-jobs~view&lipi=urn%3Ali%3Apage%3Aemail_jobs_jymbii_digest%3BCxmcCwrxR62ABhqSrl2dYA%3D%3D,Birthday attack,5:00 PM,1
Ohio State University,2010,"760,000",academic,hacked,https://www.google.co.in/search?q=dsv&oq=dsv&aqs=chrome..69i57j0l5.1403j0j7&sourceid=chrome&ie=UTF-8/privateid/getmonlist,Teardrop attack,6:00 PM,1
Orbitz,2018,"880,000",web,hacked,https://www.google.co.in/search?q=erg&oq=erg&aqs=chrome..69i57j0l5.1306j0j7&sourceid=chrome&ie=UTF-8/ECSID/tcpoffset,Man-in-the-middle (MitM) attack,7:00 PM,1
Oregon Department of Transportation,2011,unknown,government,poor security,https://www.google.co.in/search?q=edi&oq=edi&aqs=chrome..69i57j69i61l3j0l2.1854j0j9&sourceid=chrome&ie=UTF-8/NID/monlist,Phishing and spear phishing attacks,8:00 PM,1
OVH,2013,undisclosed,web,hacked,https://www.google.co.in/search?ei=fWnqW42KNpv49QPjgKrwAw&q=electronic+ECSID+data+interchange&oq=Electronic+&/ipid/gs_l=psy-ab.1.0.0i67k1l5j0l5.22727.22727.0.24821.1.1.0.0.0.0.132.132.0j1.1.0....0...1c.1.64.psy-ab..0.1.132....0.Us12YzYGIDk,Drive-by attack,9:00 PM,1
Patreon,2015,2.3 million,web,hacked,https://www.google.co.in/search?ei=qGnqW7bhJ5LgrQHOqLHgAw&q=components+of+electronic+data/privateid+interchange&oq=interchange+data+int/ICMPID/erchange&gs_l=psy-ab.1.1.0i71k1l8.0.0.0.4005.0.0.0.0.0.0.0.0..0.0....0...1c..64.psy-ab..0.0.0....0.tO5beN4alGY,Password attack,10:00 PM,1
Philippines Commission on Elections,2016,"55,000,000",government,hacked,http://localhost/phpmyadmin/index.php?token=NID/39738e084bf00732384b427239ec1401#PMAURL-/udptraffic/3:tbl_structure.php?db=malware_detection&table=user_malware_recogition_model&server=1&target=&token=39738e084bf00732384b427239ec1401,SQL injection attack,11:00 PM,1
Popsugar,2018,"123,857",fashion,hacked,https://www.bayt.com/en/job-seekers/create-account/ECSID/?url_id=1&utm_medium=associate&utm_source=walkinupdates%2ecom+1880861/monlist,Cross-site scripting (XSS) attack,12:00 AM,1
Premera,2015,"11,000,000",healthcare,hacked,https://www.google.co.in/search?ei=9pzSW4rJA8zWvgSzuYDwBg&q=brainmagic+infotech+privateid.pvt+ltd+glassdoor&oq=Brainmagic+Infotech+Pvt+/ICMPID/Ltd%29&gs_l=psy-ab.1.0.0i71k1l4.0.0.0.709767.0.0.0.0.0.0.0.0..0.0....0...1c..64.psy-ab..0.0.0....0.YV8QKntrcq4,Eavesdropping attack,1:00 AM,1
Puerto Rico Department of Health,2010,"515,000",healthcare,hacked,https://stackoverflow.com/questions/43727583/expected-string-or-bytes-like-object/ECSID/c,Birthday attack,2:00 AM,1
Quora,2018,"100,000,000",Question & Answer,hacked,https://www.google.co.in/search?q=python+free+online+course+certification&oq=p&aqs=2C/chrome.0.69i59j69i60l4j69i57.2378j0j7&sourceid=chrome&serveridie=UTF-8,Teardrop attack,3:00 AM,1
Rambler.ru,2012,"98,167,935",web,hacked,http://localhost/phpmyadmin/index.php?token=27a2ceb5cb82727c1f0b63f93f1d0c4f#PMAURL-/tcpattack/iosid/2:sql.php?db=malware_detection&table=user_malware_recogition_model&server=1&target=&token=27a2ceb5cb82727c1f0b63f93f1d0c4f,Man-in-the-middle (MitM) attack,4:00 AM,1
RBS Worldpay,2008,"1,500,000",financial,hacked,https://realpython.com/pypi-publish-python-package/2F4/portid,Phishing and spear phishing attacks,5:00 AM,1
Reddit,2018,unknown,web,hacked,https://mail.google.com/mail/u/0/#inbox/iosid/portid,Drive-by attack,6:00 AM,1
Restaurant Depot,2011,"200,000",retail,hacked,https://www.linkedin.com/jobs/view/927854395/?refId=d3493ec8-37f8-4218-92b2-4656b383a955&trk=eml-jymbii-organic-job-card&midToken=AQH/FDDI/BnYxQHAJchw&trkEmail=eml-jobs_jymbii_digest-null-2-null-null-9xzoen~joem4ler~uj-null-jobs~view&lipi=urn%3Ali%3Apage%3Aemail_jobs_jymbii_digest%3BCxmcCwrxR62ABhqSrl2dYA%3D%3D,Password attack,7:00 AM,1
RockYou!,2009,"32,000,000","web, gaming",hacked,http://127.0.0.1:8000/user/userpage/portid,SQL injection attack,8:00 AM,1
Rosen Hotels,2016,unknown,hotel,hacked,https://www.linkedin.com/jobs/view/930124877/?refId=d3493ec8-37f8-NLOM-4218-92b2-4656b383a955&trk=eml-jymbii-organic-job-card&midToken=/udptraffic/AQHBnYxQHAJchw&trkEmail=eml-jobs_jymbii_digest-null-4-null-null-9xzoen~joem4ler~uj-null-jobs~view&lipi=urn%3Ali%3Apage%3Aemail_jobs_jymbii_digest%3BCxmcCwrxR62ABhqSrl2dYA%3D%3D,Cross-site scripting (XSS) attack,9:00 AM,1
San Francisco Public Utilities Commission,2011,"180,000",government,hacked,https://www.google.co.in/search?q=dsv&oq=dsv&aqs=chrome..69i57j0l5.1403j0j7&sourceid=chrome&ie=UTF-8/fragflag,Eavesdropping attack,10:00 AM,1
Scottrade,2015,"4,600,000",financial,hacked,https://www.google.co.in/search?q=erg&oq=erg&aqs=chrome..69i57j0l5.1306j0j7&sourceid=chrome&ie=UTF-8/NLOM/fragflag,Birthday attack,11:00 AM,1
Scribd,2013,"500,000",web,hacked,https://www.google.co.in/search?q=edi&oq=edi&aqs=chrome..69i57j69i61l3j0l2.1854j0j9&sourceid=chrome&ie=UTF-8/fragflag,Teardrop attack,12:00 PM,1
"Seacoast Radiology, PA",2010,"231,400",healthcare,hacked,https://www.google.co.in/search?ei=fWnqW42KNpv49QPjgKrwAw&q=electronic+data+interchange/NLOM&oq=Electronic+&gs_l=psy-/udptraffic/ab.1.0.0i67k1l5j0l5.22727.22727.0.24821.1.1.0.0.0.0.132.132.0j1.1.0....0...1c.1.64.psy-ab..0.1.132....0.Us12YzYGIDk,Man-in-the-middle (MitM) attack,1:00 PM,1
Sega,2011,"1,290,755",gaming,hacked,https://www.google.co.in/search?ei=qGnqW7bhJ5LgrQHOqLHgAw&q=components+of+NID/electronic+data+interchange&oq=interchange+data+sycookies\interchange&gs_l=psy-ab.1.1.0i71k1l8.0.0.0.4005.0.0.0.0.0.0.0.0..0.0....0...1c..64.psy-ab..0.0.0....0.tO5beN4alGY,Phishing and spear phishing attacks,2:00 PM,1
Service Personnel and Veterans Agency (UK),2008,"50,500",government,lost / stolen media,http://localhost/phpmyadmin/index.php?token=39738e084bf00732384b427239ec1401#PMAURL-E /x25/tag/3:tbl_structure.php?db=malware_detection&table=user_malware_recogition_model&server=1&target=&token=39738e084bf00732384b427239ec1401,Drive-by attack,3:00 PM,1
SingHealth,2018,"1,500,000","government, database",hacked,https://www.bayt.com/en/job-seekers/create-account/?url_id=1&2F4/utm_medium=associate&utm_source=walkinupdates%2ecom+1880861/malwareid,Password attack,4:00 PM,1
Slack,2015,"500,000",tech,poor security,https://www.google.co.in/search?ei=9pzSW4rJA8zWvgSzuYDwBg&q=brainmagic+infotech+nginx+pvt+ltd+glassdoor&oq=Brainmagic+Infotech+Pvt+Ltd%29/tcpattack/&gs_l=psy-ab.1.0.0i71k1l4.0.0.0.709767.0.0.0.0.0.0.0.0..0.0....0...1c..64.psy-ab..0.0.0....0.YV8QKntrcq4,SQL injection attack,5:00 PM,1
SnapChat,2013,"4,700,000","web, tech",hacked,https://stackoverflow.com/questions/43727583/expected-string-or-bytes-like-object/2C,Cross-site scripting (XSS) attack,6:00 PM,1
Sony Online Entertainment,2011,"24,600,000",gaming,hacked,https://www.google.co.in/search?q=python+free+online+2F4/course+certification&oq=p&aqs=chrome.0.69i59j69i60l4j69i57.2378j0j7&sourceid=ACK/chrome&ie=UTF-8,Eavesdropping attack,7:00 PM,1
Sony Pictures,2011,"1,000,000",web,hacked,http://localhost/phpmyadmin/index.php?token=27a2ceb5cb82727c1f0b63f93f1d0c4f#PMAURL-SYN/2:sql.php?db=malware_detection&table=user_malware_recogition_model&server=1&target=&token=27a2ceb5cb82727c1f0b63f93f1d0c4f,Birthday attack,8:00 PM,1
Sony Pictures,2014,100 terabytes,media,hacked,https://realpython.com/pypi-publish-python-package/rangingdistanc,Teardrop attack,9:00 PM,1
Sony PlayStation Network,2011,"77,000,000",gaming,hacked,https://mail.google.com/mail/u/0/#inbox/2C,Man-in-the-middle (MitM) attack,10:00 PM,1
South Africa police,2013,"16,000",government,hacked,https://www.linkedin.com/jobs/view/927854395/2F4/?refId=d3493ec8-37f8-4218-92b2-4656b383a955&trk=eml-jymbii-GETID/organic-job-card&midToken=AQHBnYxQHAJchw&trkEmail=eml-jobs_jymbii_digest-null-2-null-null-9xzoen~joem4ler~uj-null-jobs~view&lipi=urn%3Ali%3Apage%3Aemail_jobs_jymbii_digest%3BCxmcCwrxR62ABhqSrl2dYA%3D%3D,Phishing and spear phishing attacks,11:00 PM,1
South Carolina Government,2012,"6,400,000",healthcare,inside job,http://127.0.0.1:8000/user/userpage/nginx/x25,Drive-by attack,12:00 AM,1
"South Shore Hospital, Massachusetts",2010,"800,000",healthcare,lost / stolen media,https://www.linkedin.com/jobs/view/930124877/?refId=d3493ec8-37f8-4218-92b2-4656b383a955&trk=eml-decid.jy/GETID/mbii-organic-job-card&midToken=AQHBnYxQHAJchw&trkEmail=eml-jobs_jymbii_digest-null-4-null-null-9xzoen~joem4ler~uj-null-jobs~view&lipi=urn%3Ali%3Apage%3Aemail_jobs_jymbii_digest%3BCxmcCwrxR62ABhqSrl2dYA%3D%3D,Password attack,1:00 AM,1
Southern California Medical-Legal Consultants,2011,"300,000",healthcare,hacked,https://www.google.co.in/search?q=dsv&oq=dsv&aqs=chrome..69i57j0l5.1403j0j7&sourceid=chrome&ie=UTF-8/NLOM,SQL injection attack,2:00 AM,1
Spartanburg Regional Healthcare System,2011,"400,000",healthcare,lost / stolen computer,https://www.google.co.in/search?q=erg&oq=erg&aqs=chrome..69i57j0l5.1306j0j7&sourceid=chrome&ie=UTF-8/x25,Cross-site scripting (XSS) attack,3:00 AM,1
Stanford University,2008,"72,000",academic,lost / stolen computer,https://www.google.co.in/search?q=edi&oq=edi&aqs=chrome..2F4;69i57j69i61l3j0l2.1854j0j9&sourceid=chrome&ie=UTF-8,Eavesdropping attack,4:00 AM,1
Starbucks,2008,"97,000",retail,lost / stolen computer,https://www.google.co.in/search?ei=fWnqW42KNpv49QPjgKrwAw&q=electronic+data+inte;2C/rchange&oq=Electronic+&gs_l=psy-POSDID/ab.1.0.0i67k1l5j0l5.22727.22727.0.24821.1.1.0.0.0.0.132.132.0j1.1.0....0...1c.1.64.psy-ab..0.1.132....0.Us12YzYGIDk,Birthday attack,5:00 AM,1
Starwood Hotels,2015,54 locations,hotel,hacked,https://www.google.co.in/search?ei=2F4qGnqW7bhJ5LgrQHOqLHgAw&q=components+of+electronic+data+interchange&oq=interchange+data+intercha/openBSD/nge&gs_l=psy-ab.1.1.0i71k1l8.0.0.0.4005.0.0.0.0.0.0.0.0..0.0....0...1c..64.psy-ab..0.0.0....0.tO5beN4alGY,Teardrop attack,6:00 AM,1
including Westin Hotels and Sheraton Hotels,,,,,http://localhost/phpmyadmin/ECSID/index.php?token=39738e084bf00732384b427239ec1401#PMAURL-/x25/3:tbl_structure.php?db=malware_detection&table=user_malware_recogition_model&server=1&target=&token=39738e084bf00732384b427239ec1401,Man-in-the-middle (MitM) attack,7:00 AM,1
State of Texas,2011,"3,500,000",government,accidentally published,https://stackoverflow.com/questions/43727583/expected-string-or-bytes-like-object/2C,Phishing and spear phishing attacks,8:00 AM,1
Steam,2011,"35,000,000",web,hacked,http://localhost/phpmyadmin/ECSID/index.php?token=39738e084bf00732384b427239ec1401#PMAURL-/x25/3:tbl_structure.php?db=malware_detection&table=user_malware_recogition_model&server=1&target=&token=39738e084bf00732384b427239ec1401,Drive-by attack,9:00 AM,1
Stratfor,2011,"935,000",military,accidentally published,https://www.bayt.com/en/job-seekers/create-account/?url_id=1&utm_medium=associate&utm_source=walkinu/2F4/pdates%2ecom+1880861/tcpoffset,Password attack,10:00 AM,1
Supervalu,2014,200 stores,retail,hacked,https://www.google.co.in/search?ei=9pzSW4rJA8zWvgSzuYDwBg&q=brainmagic+infotech+NLOM]pvt+ltd+glassdoor&oq=Brainmagic+Infotech+Pvt+Ltd%2/NTP/9&gs_l=psy-ab.1.0.0i71k1l4.0.0.0.709767.0.0.0.0.0.0.0.0..0.0....0...1c..64.psy-ab..0.0.0....0.YV8QKntrcq4,SQL injection attack,11:00 AM,1
Sutter Medical Center,2011,"4,243,434",healthcare,lost / stolen computer,https://stackoverflow.com/questions/43727583/expected-string-or-bytes-like-object/ECSID/getmonlist,Cross-site scripting (XSS) attack,12:00 PM,1
Syrian government(Syria Files),2012,"2,434,899",government,hacked,https://www.google.co.in/search?q=python+free+online+course+certification&oq=p&aqs/2F4=chrome.0.69i59j69i60l4j69i57.2378j0j7&sourceid=c/tcpoffset/hrome&ie=UTF-8,Eavesdropping attack,1:00 PM,1
"T-Mobile, Deutsche Telekom",2006,"17,000,000",telecoms,lost / stolen media,http://localhost/phpmyadmin/index.php?token=27a2ceb5cb82727c1f0b63f93f1d0c4f#PMAURL-/x25/NLOM;2:sql.php?db=malware_detection&table=user_malware_recogition_model&server=1&target=&token=27a2ceb5cb82727c1f0b63f93f1d0c4f,Birthday attack,2:00 PM,1
Taobao,2016,"20,000,000",retail,hacked,https://realpython.com/pypi-publish-python-package/ECSID/ICMPID,Teardrop attack,3:00 PM,1
Target Corporation,2014,"70,000,000",retail,hacked,https://mail.google.com/mail/u/0/#inbox/ECSID/getmonlist,Man-in-the-middle (MitM) attack,4:00 PM,1
Taringa!,2017,"28,722,877",web,hacked,https://www.linkedin.com/jobs/view/927854395/privateid/?refId=d3493ec8-37f8-4218-92b2-4656b383a955&trk=eml/ipid-jymbii-organic-job-card&midToken=AQHBnYxQHAJchw&trkEmail=eml-jobs_jymbii_digest-null-2-null-null-9xzoen~joem4ler~uj-null-jobs~view&lipi=urn%3Ali%3Apage%3Aemail_jobs_jymbii_digest%3BCxmcCwrxR62ABhqSrl2dYA%3D%3D,Phishing and spear phishing attacks,5:00 PM,1
TaxSlayer.com,2016,unknown,web,hacked,http://127.0.0.1:8000/user/userpage/ECSID/getmonlist,Drive-by attack,6:00 PM,1
TD Ameritrade,2007,"6,300,000",financial,hacked,https://www.linkedin.com/jobs/view/930124877/?refId=d3493ec8-privateid.37f8-4218-92b2-4656b383a955&trk=eml-jymbii-organic-job-card&midToken=serverattack/AQHBnYxQHAJchw&trkEmail=eml-jobs_jymbii_digest-null-4-null-null-9xzoen~joem4ler~uj-null-jobs~view&lipi=urn%3Ali%3Apage%3Aemail_jobs_jymbii_digest%3BCxmcCwrxR62ABhqSrl2dYA%3D%3D,Password attack,7:00 PM,1
TD Bank,2012,"260,000",financial,hacked,https://www.google.co.in/search?q=dsv&oq=dsv&aqs=chrome..69i57j0l5.1403j0j7&sourceid=chrome&ie=UTF-8/privateid/getmonlist,SQL injection attack,8:00 PM,1
TerraCom & YourTel,2013,"170,000",telecoms,accidentally published,https://www.google.co.in/search?q=erg&oq=erg&aqs=chrome..69i57j0l5.1306j0j7&sourceid=chrome&ie=UTF-8/ECSID/tcpoffset,Cross-site scripting (XSS) attack,9:00 PM,1
Texas Lottery,2007,"89,000",government,inside job,https://www.google.co.in/search?q=edi&oq=edi&aqs=chrome..69i57j69i61l3j0l2.1854j0j9&sourceid=chrome&ie=UTF-8/NID/monlist,Eavesdropping attack,10:00 PM,1
The Bank of New York Mellon,2008,"12,500,000",financial,lost / stolen media,https://www.google.co.in/search?ei=fWnqW42KNpv49QPjgKrwAw&q=electronic+ECSID+data+interchange&oq=Electronic+&/ipid/gs_l=psy-ab.1.0.0i67k1l5j0l5.22727.22727.0.24821.1.1.0.0.0.0.132.132.0j1.1.0....0...1c.1.64.psy-ab..0.1.132....0.Us12YzYGIDk,Birthday attack,11:00 PM,1
Tianya Club,2011,"28,000,000",web,hacked,https://www.google.co.in/search?ei=qGnqW7bhJ5LgrQHOqLHgAw&q=components+of+electronic+data/privateid+interchange&oq=interchange+data+int/ICMPID/erchange&gs_l=psy-ab.1.1.0i71k1l8.0.0.0.4005.0.0.0.0.0.0.0.0..0.0....0...1c..64.psy-ab..0.0.0....0.tO5beN4alGY,Teardrop attack,12:00 AM,1
Ticketfly (subsidiary of Eventbrite),2018,"26,151,608",ticket distribution,hacked,http://localhost/phpmyadmin/index.php?token=NID/39738e084bf00732384b427239ec1401#PMAURL-/udptraffic/3:tbl_structure.php?db=malware_detection&table=user_malware_recogition_model&server=1&target=&token=39738e084bf00732384b427239ec1401,Man-in-the-middle (MitM) attack,1:00 AM,1
TK / TJ Maxx,2007,"94,000,000",retail,hacked,https://www.bayt.com/en/job-seekers/create-account/ECSID/?url_id=1&utm_medium=associate&utm_source=walkinupdates%2ecom+1880861/monlist,Phishing and spear phishing attacks,2:00 AM,1
Tricare,2011,"4,901,432","military, healthcare",lost / stolen computer,https://www.google.co.in/search?ei=9pzSW4rJA8zWvgSzuYDwBg&q=brainmagic+infotech+privateid.pvt+ltd+glassdoor&oq=Brainmagic+Infotech+Pvt+/ICMPID/Ltd%29&gs_l=psy-ab.1.0.0i71k1l4.0.0.0.709767.0.0.0.0.0.0.0.0..0.0....0...1c..64.psy-ab..0.0.0....0.YV8QKntrcq4,Drive-by attack,3:00 AM,1
"Triple-S Salud, Inc.",2010,"398,000",healthcare,lost / stolen media,https://stackoverflow.com/questions/43727583/expected-string-or-bytes-like-object/ECSID/c,Password attack,4:00 AM,1
Trump Hotels,2014,8 locations,hotel,hacked,https://www.google.co.in/search?q=python+free+online+course+certification&oq=p&aqs=2C/chrome.0.69i59j69i60l4j69i57.2378j0j7&sourceid=chrome&serveridie=UTF-8,SQL injection attack,5:00 AM,1
Tumblr,2013,"65,469,298",web,hacked,http://localhost/phpmyadmin/index.php?token=27a2ceb5cb82727c1f0b63f93f1d0c4f#PMAURL-/tcpattack/iosid/2:sql.php?db=malware_detection&table=user_malware_recogition_model&server=1&target=&token=27a2ceb5cb82727c1f0b63f93f1d0c4f,Cross-site scripting (XSS) attack,6:00 AM,1
Twitch.tv,2015,unknown,tech,hacked,https://realpython.com/pypi-publish-python-package/2F4/portid,Eavesdropping attack,7:00 AM,1
Twitter,2013,"250,000",web,hacked,https://mail.google.com/mail/u/0/#inbox/iosid/portid,Birthday attack,8:00 AM,1
Typeform,2018,unknown,tech,poor security,https://www.linkedin.com/jobs/view/927854395/?refId=d3493ec8-37f8-4218-92b2-4656b383a955&trk=eml-jymbii-organic-job-card&midToken=AQH/FDDI/BnYxQHAJchw&trkEmail=eml-jobs_jymbii_digest-null-2-null-null-9xzoen~joem4ler~uj-null-jobs~view&lipi=urn%3Ali%3Apage%3Aemail_jobs_jymbii_digest%3BCxmcCwrxR62ABhqSrl2dYA%3D%3D,Teardrop attack,9:00 AM,1
U.S. Army,2011,"50,000",military,accidentally published,http://127.0.0.1:8000/user/userpage/portid,Man-in-the-middle (MitM) attack,10:00 AM,1
U.S. Army,2010,"392,000",government,inside job,https://www.linkedin.com/jobs/view/930124877/?refId=d3493ec8-37f8-NLOM-4218-92b2-4656b383a955&trk=eml-jymbii-organic-job-card&midToken=/udptraffic/AQHBnYxQHAJchw&trkEmail=eml-jobs_jymbii_digest-null-4-null-null-9xzoen~joem4ler~uj-null-jobs~view&lipi=urn%3Ali%3Apage%3Aemail_jobs_jymbii_digest%3BCxmcCwrxR62ABhqSrl2dYA%3D%3D,Phishing and spear phishing attacks,11:00 AM,1
(classified Iraq War documents),,,,,https://www.google.co.in/search?q=dsv&oq=dsv&aqs=chrome..69i57j0l5.1403j0j7&sourceid=chrome&ie=UTF-8/fragflag,Drive-by attack,12:00 PM,1
U.S. Department of Defense,2009,"72,000",military,lost / stolen media,https://www.google.co.in/search?q=erg&oq=erg&aqs=chrome..69i57j0l5.1306j0j7&sourceid=chrome&ie=UTF-8/NLOM/fragflag,Password attack,1:00 PM,1
U.S. Department of Veteran Affairs,2006,"26,500,000","government, military",lost / stolen computer,https://www.google.co.in/search?q=edi&oq=edi&aqs=chrome..69i57j69i61l3j0l2.1854j0j9&sourceid=chrome&ie=UTF-8/fragflag,SQL injection attack,2:00 PM,1
U.S. government (United States diplomatic cables leak),2010,"260,000",military,inside job,https://www.google.co.in/search?ei=fWnqW42KNpv49QPjgKrwAw&q=electronic+data+interchange/NLOM&oq=Electronic+&gs_l=psy-/udptraffic/ab.1.0.0i67k1l5j0l5.22727.22727.0.24821.1.1.0.0.0.0.132.132.0j1.1.0....0...1c.1.64.psy-ab..0.1.132....0.Us12YzYGIDk,Cross-site scripting (XSS) attack,3:00 PM,1
U.S. law enforcement (70 different agencies),2011,"123,461",government,accidentally published,https://www.google.co.in/search?ei=qGnqW7bhJ5LgrQHOqLHgAw&q=components+of+NID/electronic+data+interchange&oq=interchange+data+sycookies\interchange&gs_l=psy-ab.1.1.0i71k1l8.0.0.0.4005.0.0.0.0.0.0.0.0..0.0....0...1c..64.psy-ab..0.0.0....0.tO5beN4alGY,Eavesdropping attack,4:00 PM,1
Uber,2014,"50,000",tech,poor security,http://localhost/phpmyadmin/index.php?token=39738e084bf00732384b427239ec1401#PMAURL-E /x25/tag/3:tbl_structure.php?db=malware_detection&table=user_malware_recogition_model&server=1&target=&token=39738e084bf00732384b427239ec1401,Birthday attack,5:00 PM,1
Uber,2017,"57,000,000",transport,hacked,https://www.bayt.com/en/job-seekers/create-account/?url_id=1&2F4/utm_medium=associate&utm_source=walkinupdates%2ecom+1880861/malwareid,Teardrop attack,6:00 PM,1
Ubisoft,2013,unknown,gaming,hacked,https://www.google.co.in/search?ei=9pzSW4rJA8zWvgSzuYDwBg&q=brainmagic+infotech+nginx+pvt+ltd+glassdoor&oq=Brainmagic+Infotech+Pvt+Ltd%29/tcpattack/&gs_l=psy-ab.1.0.0i71k1l4.0.0.0.709767.0.0.0.0.0.0.0.0..0.0....0...1c..64.psy-ab..0.0.0....0.YV8QKntrcq4,Man-in-the-middle (MitM) attack,7:00 PM,1
Ubuntu,2013,"2,000,000",tech,hacked,https://stackoverflow.com/questions/43727583/expected-string-or-bytes-like-object/2C,Phishing and spear phishing attacks,8:00 PM,1
"UCLA Medical Center, Santa Monica",2015,"4,500,000",healthcare,hacked,https://www.google.co.in/search?q=python+free+online+2F4/course+certification&oq=p&aqs=chrome.0.69i59j69i60l4j69i57.2378j0j7&sourceid=ACK/chrome&ie=UTF-8,Drive-by attack,9:00 PM,1
UK Driving Standards Agency,2007,"3,000,000",government,lost / stolen media,http://localhost/phpmyadmin/index.php?token=27a2ceb5cb82727c1f0b63f93f1d0c4f#PMAURL-SYN/2:sql.php?db=malware_detection&table=user_malware_recogition_model&server=1&target=&token=27a2ceb5cb82727c1f0b63f93f1d0c4f,Password attack,10:00 PM,1
UK Home Office,2008,"84,000",government,lost / stolen media,https://realpython.com/pypi-publish-python-package/rangingdistanc,SQL injection attack,11:00 PM,1
UK Ministry of Defence,2008,"1,700,000",government,lost / stolen media,https://mail.google.com/mail/u/0/#inbox/2C,Cross-site scripting (XSS) attack,12:00 AM,1
UK Revenue & Customs,2007,"25,000,000",government,lost / stolen media,https://www.linkedin.com/jobs/view/927854395/2F4/?refId=d3493ec8-37f8-4218-92b2-4656b383a955&trk=eml-jymbii-GETID/organic-job-card&midToken=AQHBnYxQHAJchw&trkEmail=eml-jobs_jymbii_digest-null-2-null-null-9xzoen~joem4ler~uj-null-jobs~view&lipi=urn%3Ali%3Apage%3Aemail_jobs_jymbii_digest%3BCxmcCwrxR62ABhqSrl2dYA%3D%3D,Eavesdropping attack,1:00 AM,1
Under Armour,2018,"150,000,000",Consumer Goods,hacked,http://127.0.0.1:8000/user/userpage/nginx/x25,Birthday attack,2:00 AM,1
United States Postal Service,2018,"60,000,000",government,poor security,https://www.linkedin.com/jobs/view/930124877/?refId=d3493ec8-37f8-4218-92b2-4656b383a955&trk=eml-decid.jy/GETID/mbii-organic-job-card&midToken=AQHBnYxQHAJchw&trkEmail=eml-jobs_jymbii_digest-null-4-null-null-9xzoen~joem4ler~uj-null-jobs~view&lipi=urn%3Ali%3Apage%3Aemail_jobs_jymbii_digest%3BCxmcCwrxR62ABhqSrl2dYA%3D%3D,Teardrop attack,3:00 AM,1
"University of California, Berkeley",2009,"160,000",academic,hacked,https://www.google.co.in/search?q=dsv&oq=dsv&aqs=chrome..69i57j0l5.1403j0j7&sourceid=chrome&ie=UTF-8/NLOM,Man-in-the-middle (MitM) attack,4:00 AM,1
"University of California, Berkeley",2016,"80,000",academic,hacked,https://www.google.co.in/search?q=erg&oq=erg&aqs=chrome..69i57j0l5.1306j0j7&sourceid=chrome&ie=UTF-8/x25,Phishing and spear phishing attacks,5:00 AM,1
University of Central Florida,2016,"63,000",academic,hacked,https://www.google.co.in/search?q=edi&oq=edi&aqs=chrome..2F4;69i57j69i61l3j0l2.1854j0j9&sourceid=chrome&ie=UTF-8,Drive-by attack,6:00 AM,1
"University of Maryland, College Park",2014,"300,000",academic,hacked,https://www.google.co.in/search?ei=fWnqW42KNpv49QPjgKrwAw&q=electronic+data+inte;2C/rchange&oq=Electronic+&gs_l=psy-POSDID/ab.1.0.0i67k1l5j0l5.22727.22727.0.24821.1.1.0.0.0.0.132.132.0j1.1.0....0...1c.1.64.psy-ab..0.1.132....0.Us12YzYGIDk,Password attack,7:00 AM,1
University of Miami,2008,"2,100,000",academic,lost / stolen computer,https://www.google.co.in/search?ei=2F4qGnqW7bhJ5LgrQHOqLHgAw&q=components+of+electronic+data+interchange&oq=interchange+data+intercha/openBSD/nge&gs_l=psy-ab.1.1.0i71k1l8.0.0.0.4005.0.0.0.0.0.0.0.0..0.0....0...1c..64.psy-ab..0.0.0....0.tO5beN4alGY,SQL injection attack,8:00 AM,1
University of Utah Hospital & Clinics,2008,"2,200,000",academic,lost / stolen media,http://localhost/phpmyadmin/ECSID/index.php?token=39738e084bf00732384b427239ec1401#PMAURL-/x25/3:tbl_structure.php?db=malware_detection&table=user_malware_recogition_model&server=1&target=&token=39738e084bf00732384b427239ec1401,Cross-site scripting (XSS) attack,9:00 AM,1
University of Wisconsin–Milwaukee,2011,"73,000",academic,hacked,https://stackoverflow.com/questions/43727583/expected-string-or-bytes-like-object/2C,Eavesdropping attack,10:00 AM,1
UPS,2014,51 locations,retail,hacked,http://localhost/phpmyadmin/ECSID/index.php?token=39738e084bf00732384b427239ec1401#PMAURL-/x25/3:tbl_structure.php?db=malware_detection&table=user_malware_recogition_model&server=1&target=&token=39738e084bf00732384b427239ec1401,Birthday attack,11:00 AM,1
US Department of Homeland Security,2016,"30,000",government,poor security,https://www.bayt.com/en/job-seekers/create-account/?url_id=1&utm_medium=associate&utm_source=walkinu/2F4/pdates%2ecom+1880861/tcpoffset,Teardrop attack,12:00 PM,1
US Medicaid,2012,"780,000","government, healthcare",hacked,https://www.google.co.in/search?ei=9pzSW4rJA8zWvgSzuYDwBg&q=brainmagic+infotech+NLOM]pvt+ltd+glassdoor&oq=Brainmagic+Infotech+Pvt+Ltd%2/NTP/9&gs_l=psy-ab.1.0.0i71k1l4.0.0.0.709767.0.0.0.0.0.0.0.0..0.0....0...1c..64.psy-ab..0.0.0....0.YV8QKntrcq4,Man-in-the-middle (MitM) attack,1:00 PM,1
US Office of Personnel Management,2015,"21,500,000",government,hacked,https://stackoverflow.com/questions/43727583/expected-string-or-bytes-like-object/ECSID/getmonlist,Phishing and spear phishing attacks,2:00 PM,1
Verizon Communications,2016,"1,500,000",telecoms,hacked,https://www.google.co.in/search?q=python+free+online+course+certification&oq=p&aqs/2F4=chrome.0.69i59j69i60l4j69i57.2378j0j7&sourceid=c/tcpoffset/hrome&ie=UTF-8,Drive-by attack,3:00 PM,1
Virginia Department of Health,2009,"8,257,378","government, healthcare",hacked,http://localhost/phpmyadmin/index.php?token=27a2ceb5cb82727c1f0b63f93f1d0c4f#PMAURL-/x25/NLOM;2:sql.php?db=malware_detection&table=user_malware_recogition_model&server=1&target=&token=27a2ceb5cb82727c1f0b63f93f1d0c4f,Password attack,4:00 PM,1
Virginia Prescription Monitoring Program,2009,"531,400",healthcare,hacked,https://realpython.com/pypi-publish-python-package/ECSID/ICMPID,SQL injection attack,5:00 PM,1
Vodafone,2013,"2,000,000",telecoms,inside job,https://mail.google.com/mail/u/0/#inbox/ECSID/getmonlist,Cross-site scripting (XSS) attack,6:00 PM,1
VTech,2015,"5,000,000",retail,hacked,https://www.linkedin.com/jobs/view/927854395/privateid/?refId=d3493ec8-37f8-4218-92b2-4656b383a955&trk=eml/ipid-jymbii-organic-job-card&midToken=AQHBnYxQHAJchw&trkEmail=eml-jobs_jymbii_digest-null-2-null-null-9xzoen~joem4ler~uj-null-jobs~view&lipi=urn%3Ali%3Apage%3Aemail_jobs_jymbii_digest%3BCxmcCwrxR62ABhqSrl2dYA%3D%3D,Eavesdropping attack,7:00 PM,1
Walmart,2015,millions,retail,hacked,http://127.0.0.1:8000/user/userpage/ECSID/getmonlist,Birthday attack,8:00 PM,1
Washington Post,2011,"1,270,000",media,hacked,https://www.linkedin.com/jobs/view/930124877/?refId=d3493ec8-privateid.37f8-4218-92b2-4656b383a955&trk=eml-jymbii-organic-job-card&midToken=serverattack/AQHBnYxQHAJchw&trkEmail=eml-jobs_jymbii_digest-null-4-null-null-9xzoen~joem4ler~uj-null-jobs~view&lipi=urn%3Ali%3Apage%3Aemail_jobs_jymbii_digest%3BCxmcCwrxR62ABhqSrl2dYA%3D%3D,Teardrop attack,9:00 PM,1
Washington State court system,2013,"160,000",government,hacked,https://www.google.co.in/search?q=dsv&oq=dsv&aqs=chrome..69i57j0l5.1403j0j7&sourceid=chrome&ie=UTF-8/privateid/getmonlist,Man-in-the-middle (MitM) attack,10:00 PM,1
Weebly,2016,"43,430,316",web,hacked,https://www.google.co.in/search?q=erg&oq=erg&aqs=chrome..69i57j0l5.1306j0j7&sourceid=chrome&ie=UTF-8/ECSID/tcpoffset,Phishing and spear phishing attacks,11:00 PM,1
Wendy's,2015,unknown,restaurant,hacked,https://www.google.co.in/search?q=edi&oq=edi&aqs=chrome..69i57j69i61l3j0l2.1854j0j9&sourceid=chrome&ie=UTF-8/NID/monlist,Drive-by attack,12:00 AM,1
Wordpress,2018,,,hacked,https://www.google.co.in/search?ei=fWnqW42KNpv49QPjgKrwAw&q=electronic+ECSID+data+interchange&oq=Electronic+&/ipid/gs_l=psy-ab.1.0.0i67k1l5j0l5.22727.22727.0.24821.1.1.0.0.0.0.132.132.0j1.1.0....0...1c.1.64.psy-ab..0.1.132....0.Us12YzYGIDk,Password attack,1:00 AM,1
Writerspace.com,2011,"62,000",web,hacked,https://www.google.co.in/search?ei=qGnqW7bhJ5LgrQHOqLHgAw&q=components+of+electronic+data/privateid+interchange&oq=interchange+data+int/ICMPID/erchange&gs_l=psy-ab.1.1.0i71k1l8.0.0.0.4005.0.0.0.0.0.0.0.0..0.0....0...1c..64.psy-ab..0.0.0....0.tO5beN4alGY,SQL injection attack,2:00 AM,1
Xat.com,2015,"6,054,459",web,social engineering,http://localhost/phpmyadmin/index.php?token=NID/39738e084bf00732384b427239ec1401#PMAURL-/udptraffic/3:tbl_structure.php?db=malware_detection&table=user_malware_recogition_model&server=1&target=&token=39738e084bf00732384b427239ec1401,Cross-site scripting (XSS) attack,3:00 AM,1
Yahoo,2013,"3,000,000,000",web,hacked,https://www.bayt.com/en/job-seekers/create-account/ECSID/?url_id=1&utm_medium=associate&utm_source=walkinupdates%2ecom+1880861/monlist,Eavesdropping attack,4:00 AM,1
Yahoo,2014,"500,000,000",web,hacked,https://www.google.co.in/search?ei=9pzSW4rJA8zWvgSzuYDwBg&q=brainmagic+infotech+privateid.pvt+ltd+glassdoor&oq=Brainmagic+Infotech+Pvt+/ICMPID/Ltd%29&gs_l=psy-ab.1.0.0i71k1l4.0.0.0.709767.0.0.0.0.0.0.0.0..0.0....0...1c..64.psy-ab..0.0.0....0.YV8QKntrcq4,Birthday attack,5:00 AM,1
Yahoo Japan,2013,"22,000,000","tech, web",hacked,https://stackoverflow.com/questions/43727583/expected-string-or-bytes-like-object/ECSID/c,Teardrop attack,6:00 AM,1
Yahoo! Voices,2012,"450,000",web,hacked,https://www.google.co.in/search?q=python+free+online+course+certification&oq=p&aqs=2C/chrome.0.69i59j69i60l4j69i57.2378j0j7&sourceid=chrome&serveridie=UTF-8,Man-in-the-middle (MitM) attack,7:00 AM,1
Yale University,2010,"43,000",academic,accidentally published,http://localhost/phpmyadmin/index.php?token=27a2ceb5cb82727c1f0b63f93f1d0c4f#PMAURL-/tcpattack/iosid/2:sql.php?db=malware_detection&table=user_malware_recogition_model&server=1&target=&token=27a2ceb5cb82727c1f0b63f93f1d0c4f,Phishing and spear phishing attacks,8:00 AM,1
Zappos,2012,"24,000,000",web,hacked,https://realpython.com/pypi-publish-python-package/2F4/portid,Drive-by attack,9:00 AM,1
